{
    "rmse": 0.6963714203013431,
    "mae": 0.5422201228791007,
    "r2": 0.20030812168121703
}